Campaign,Campaign Type,Networks,Budget,Languages,Location,Bid Strategy Type,Ad Group,Max CPC,Keyword,Criterion Type,Final URL,Headline 1,Headline 1 position,Headline 2,Headline 3,Headline 4,Headline 5,Headline 6,Headline 7,Headline 8,Headline 9,Headline 10,Headline 11,Headline 12,Headline 13,Headline 14,Headline 15,Description 1,Description 2,Description 3,Description 4,Path 1,Path 2
PC - Search - Sellers Permits - US,Search,Google search,50.00,en,United States,Maximize clicks,,,,,,,,,,,,,,,,,,,,,,,,,,,
PC - Search - Sellers Permits - US,,,,,,,Sellers Permit - Core,4.00,,,,,,,,,,,,,,,,,,,,,,,,,
PC - Search - Sellers Permits - US,,,,,,,Sellers Permit - California,4.00,,,,,,,,,,,,,,,,,,,,,,,,,
PC - Search - Sellers Permits - US,,,,,,,Sellers Permit - States,4.00,,,,,,,,,,,,,,,,,,,,,,,,,
PC - Search - Sellers Permits - US,,,,,,,Sellers Permit - Core,,seller's permit,Exact,,,,,,,,,,,,,,,,,,,,,,,
PC - Search - Sellers Permits - US,,,,,,,Sellers Permit - Core,,sellers permit,Exact,,,,,,,,,,,,,,,,,,,,,,,
PC - Search - Sellers Permits - US,,,,,,,Sellers Permit - Core,,seller permit,Exact,,,,,,,,,,,,,,,,,,,,,,,
PC - Search - Sellers Permits - US,,,,,,,Sellers Permit - Core,,sellers permit application,Exact,,,,,,,,,,,,,,,,,,,,,,,
PC - Search - Sellers Permits - US,,,,,,,Sellers Permit - Core,,apply for sellers permit,Exact,,,,,,,,,,,,,,,,,,,,,,,
PC - Search - Sellers Permits - US,,,,,,,Sellers Permit - Core,,how do you get a seller's permit,Exact,,,,,,,,,,,,,,,,,,,,,,,
PC - Search - Sellers Permits - US,,,,,,,Sellers Permit - Core,,how to get a sellers permit,Exact,,,,,,,,,,,,,,,,,,,,,,,
PC - Search - Sellers Permits - US,,,,,,,Sellers Permit - Core,,seller's permit number,Exact,,,,,,,,,,,,,,,,,,,,,,,
PC - Search - Sellers Permits - US,,,,,,,Sellers Permit - Core,,sellers permit,Phrase,,,,,,,,,,,,,,,,,,,,,,,
PC - Search - Sellers Permits - US,,,,,,,Sellers Permit - Core,,seller's permit,Phrase,,,,,,,,,,,,,,,,,,,,,,,
PC - Search - Sellers Permits - US,,,,,,,Sellers Permit - California,,california seller's permit,Exact,,,,,,,,,,,,,,,,,,,,,,,
PC - Search - Sellers Permits - US,,,,,,,Sellers Permit - California,,seller's permit california,Exact,,,,,,,,,,,,,,,,,,,,,,,
PC - Search - Sellers Permits - US,,,,,,,Sellers Permit - California,,california sellers permit,Exact,,,,,,,,,,,,,,,,,,,,,,,
PC - Search - Sellers Permits - US,,,,,,,Sellers Permit - California,,ca seller's permit,Exact,,,,,,,,,,,,,,,,,,,,,,,
PC - Search - Sellers Permits - US,,,,,,,Sellers Permit - California,,seller's permit ca,Exact,,,,,,,,,,,,,,,,,,,,,,,
PC - Search - Sellers Permits - US,,,,,,,Sellers Permit - California,,seller permit california,Exact,,,,,,,,,,,,,,,,,,,,,,,
PC - Search - Sellers Permits - US,,,,,,,Sellers Permit - California,,how to get sellers permit in california,Exact,,,,,,,,,,,,,,,,,,,,,,,
PC - Search - Sellers Permits - US,,,,,,,Sellers Permit - California,,los angeles sellers permit,Exact,,,,,,,,,,,,,,,,,,,,,,,
PC - Search - Sellers Permits - US,,,,,,,Sellers Permit - California,,california seller permit application,Exact,,,,,,,,,,,,,,,,,,,,,,,
PC - Search - Sellers Permits - US,,,,,,,Sellers Permit - California,,"seller's permit california",Phrase,,,,,,,,,,,,,,,,,,,,,,,
PC - Search - Sellers Permits - US,,,,,,,Sellers Permit - States,,illinois seller permit,Exact,,,,,,,,,,,,,,,,,,,,,,,
PC - Search - Sellers Permits - US,,,,,,,Sellers Permit - States,,seller's permit texas,Exact,,,,,,,,,,,,,,,,,,,,,,,
PC - Search - Sellers Permits - US,,,,,,,Sellers Permit - States,,texas sellers permit,Exact,,,,,,,,,,,,,,,,,,,,,,,
PC - Search - Sellers Permits - US,,,,,,,Sellers Permit - States,,seller's permit in florida,Exact,,,,,,,,,,,,,,,,,,,,,,,
PC - Search - Sellers Permits - US,,,,,,,Sellers Permit - States,,florida sellers permit,Exact,,,,,,,,,,,,,,,,,,,,,,,
PC - Search - Sellers Permits - US,,,,,,,Sellers Permit - States,,seller's permit new york,Exact,,,,,,,,,,,,,,,,,,,,,,,
PC - Search - Sellers Permits - US,,,,,,,Sellers Permit - States,,wisconsin seller's permit,Exact,,,,,,,,,,,,,,,,,,,,,,,
PC - Search - Sellers Permits - US,,,,,,,Sellers Permit - States,,michigan seller's permit,Exact,,,,,,,,,,,,,,,,,,,,,,,
PC - Search - Sellers Permits - US,,,,,,,Sellers Permit - States,,arizona sellers permit,Exact,,,,,,,,,,,,,,,,,,,,,,,
PC - Search - Sellers Permits - US,,,,,,,Sellers Permit - States,,nevada sellers permit,Exact,,,,,,,,,,,,,,,,,,,,,,,
PC - Search - Sellers Permits - US,,,,,,,Sellers Permit - States,,washington sellers permit,Exact,,,,,,,,,,,,,,,,,,,,,,,
PC - Search - Sellers Permits - US,,,,,,,Sellers Permit - Core,,,,https://www.permitsclerk.com/,Seller's Permit — $69 Flat,1,Filed In 1 Business Day,State Fees Never Marked Up,Refundable Before We File,Reviewed By A Real Person,All 50 States Covered,Pick Your State & Go,$69 Flat + State Fee,Simple 3-Minute Form,1-Day Filing SLA In Writing,"No Hidden Fees, Ever",Every Fee Shown First,Sell Retail Or Wholesale,Required Before First Sale,Permit Confirmation Emailed,"Your seller's permit, prepared by a person and filed within 1 business day. $69 flat.",Every fee itemized before you pay. State fees shown separately and never marked up.,"Full refund any time before we file. If we miss our 1-day SLA, the fee comes back too.",Required before you sell taxable goods. Pick your state and answer a 3-minute form.,sellers-permit,apply
PC - Search - Sellers Permits - US,,,,,,,Sellers Permit - California,,,,https://www.permitsclerk.com/,CA Seller's Permit — $69 Flat,1,Filed With The CDTFA In 1 Day,CA Charges $0 — We Show It,Refundable Before We File,Reviewed By A Real Person,State Fees Never Marked Up,Simple 3-Minute Form,1-Day Filing SLA In Writing,"No Hidden Fees, Ever",Every Fee Shown First,Required Before First Sale,Sell Retail Or Wholesale,Permit Confirmation Emailed,$69 Flat + State Fee,Pick Your State & Go,"Your California seller's permit, prepared by a person and filed with the CDTFA in 1 day.",California charges $0 for the permit itself — you pay our $69 fee and nothing hidden.,"Full refund any time before we file. If we miss our 1-day SLA, the fee comes back too.",Required before your first sale in California. One short form and a human review.,california,sellers-permit
PC - Search - Sellers Permits - US,,,,,,,Sellers Permit - States,,,,https://www.permitsclerk.com/,Seller's Permit For Your State,1,Filed In 1 Business Day,State Fees Never Marked Up,Refundable Before We File,Reviewed By A Real Person,All 50 States Covered,Pick Your State & Go,$69 Flat + State Fee,Simple 3-Minute Form,1-Day Filing SLA In Writing,"No Hidden Fees, Ever",Every Fee Shown First,Sell Retail Or Wholesale,Required Before First Sale,Permit Confirmation Emailed,"Your state's seller's permit, prepared by a person and filed in 1 business day. $69 flat.",Every fee itemized before you pay. State fees shown separately and never marked up.,"Full refund any time before we file. If we miss our 1-day SLA, the fee comes back too.",Required before you sell taxable goods. Pick your state and answer a 3-minute form.,sellers-permit,state
